{
    "vertices":[0.106501,-0.331226,-0.5,0.0774826,-0.242586,0.5,0.0402028,-0.142304,-0.485269,0.109169,-0.152705,0.5,0.285069,-0.369056,0.00869081,0.301188,0.084257,0.00869103,-0.106501,-0.331226,-0.5,-0.0774826,-0.242586,0.5,-0.0402028,-0.142304,-0.485269,-0.109169,-0.152705,0.5,0,-0.255808,-0.5,0,-0.26288,0.5,0,-0.163047,-0.5,0,-0.142392,0.5,-0.285069,-0.369056,0.00869081,-0.301188,0.084257,0.00869103,0,-0.379379,0.00869072,0,0.173221,0.00869085],
    "metadata":{
        "generator":"io_three",
        "version":3,
        "uvs":0,
        "normals":16,
        "type":"Geometry",
        "vertices":18,
        "faces":16
    },
    "faces":[33,4,5,3,1,0,0,0,0,33,2,0,10,12,1,1,1,1,33,1,3,13,11,2,2,2,2,33,5,17,13,3,3,3,3,3,33,4,1,11,16,4,4,4,4,33,0,4,16,10,5,5,5,5,33,2,12,17,5,6,6,6,6,33,0,2,5,4,7,7,7,7,33,14,7,9,15,8,8,8,8,33,8,12,10,6,9,9,9,9,33,7,11,13,9,10,10,10,10,33,15,9,13,17,11,11,11,11,33,14,16,11,7,12,12,12,12,33,6,10,16,14,13,13,13,13,33,8,15,17,12,14,14,14,14,33,6,14,15,8,15,15,15,15],
    "uvs":[],
    "normals":[0.926411,-0.0815307,0.36758,0.129871,0.0822428,-0.988114,-1.50273e-06,-1.75699e-06,1,0.202298,0.836192,0.509764,0.0813594,-0.963404,0.255406,-0.162669,-0.978514,-0.126684,0.189086,0.83445,-0.517629,0.907246,0.080356,-0.412854,-0.926411,-0.0815307,0.36758,-0.129871,0.0822428,-0.988114,1.50273e-06,-1.75699e-06,1,-0.202298,0.836192,0.509764,-0.0813594,-0.963404,0.255406,0.162669,-0.978514,-0.126684,-0.189086,0.83445,-0.517629,-0.907246,0.080356,-0.412854]
}