{
    "normals":[0.150243,-0.939512,-0.307749,-0.142827,-0.975311,-0.16831,0.741081,-0.643696,-0.190771,0.27427,0.913175,-0.301431,0.00143437,0.998047,-0.0619831,0.418714,0.904508,-0.0804163,0.115238,0.986328,-0.117679,0.611621,0.00756859,0.79107,0.977386,-0.0549028,-0.204077,0.232978,-0.97232,-0.0166021,0.836726,0.185644,0.515152,0.723746,0.667898,0.173376,0.632527,0.546922,0.548387,-0.0141301,0.384045,0.923185,0.655812,-0.358165,0.66451,0.513657,0.0135807,-0.857875,0.485885,0.850093,-0.203009,0.639424,-0.223487,-0.735618,0.0552385,-0.998352,0.0150761,0.520493,-0.0548418,0.852077,0.359722,-0.0594501,0.93115,-0.149419,-0.177496,-0.972686,0.256203,0.0276803,-0.966216,0.433119,-0.86874,0.240089,-0.719687,-0.22602,0.656453,-0.598407,0.585345,0.547044,-0.670309,0.705496,0.230049,-0.431837,-0.865352,0.254219,-0.22953,-0.973113,0.0172735,-0.41615,-0.908628,-0.0341502,-0.192297,-0.935087,-0.297617,0.035371,-0.971191,-0.235572,0.00424207,-0.155583,-0.987793,0.528306,-0.827235,0.191168,-0.567583,-0.777459,0.270791,0.00302133,-0.995422,0.0954924,-0.513657,0.00927763,-0.857936,-0.771538,-0.617481,-0.152989,-0.491775,0.843989,-0.213965,-0.610126,-0.247139,-0.752739,-0.817652,0.130009,0.560778,-0.358531,-0.0633869,0.931333,-0.526048,-0.0514542,0.848872,-0.0323191,-0.999451,0.00128178,0.169042,-0.188513,-0.967406,-0.107486,0.987091,-0.118595,-0.617878,0.0172735,0.786065,0.00595111,0.986419,0.163976,0.0299997,-0.999542,0.00195318,0.350719,0.936277,-0.0178838,-0.00964385,0.983673,-0.179693,0.00274667,-0.0864895,-0.996246,0.000762963,0.971038,0.238807,-0.394024,0.91879,-0.023011,-0.370708,0.926878,-0.0585955],
    "materials":[{
        "mapDiffuse":"birdTexture01.png",
        "transparent":false,
        "blending":"NormalBlending",
        "specularCoef":100,
        "visible":true,
        "mapDiffuseAnisotropy":1,
        "mapDiffuseWrap":["repeat","repeat"],
        "colorSpecular":[0.0244797,0.0244797,0.0244797],
        "colorDiffuse":[0.72,0.72,0.72],
        "wireframe":false,
        "mapDiffuseRepeat":[1,1],
        "opacity":1,
        "DbgName":"BirdMaterial",
        "shading":"phong",
        "colorEmissive":[0,0,0],
        "DbgColor":15658734,
        "doubleSided":false,
        "depthWrite":true,
        "DbgIndex":0,
        "depthTest":true
    }],
    "vertices":[0.0218538,-0.0316933,-0.219428,0.0401599,-0.00955695,0.246751,0.0201014,0.0477216,-0.145717,0.0426707,0.055773,0.265826,0.0911651,0.105084,0.0271572,0.0623445,0.01835,-0.245269,0.0489167,0.0149883,0.25,0.147711,0.0684623,0.0428494,0.1411,-0.027601,0.0366172,0.065754,-0.00183433,-0.248238,0.750646,-0.00809602,-0.0922631,0.0358555,0.0302258,0.375782,0.0365277,-0.0253272,0.349981,0.255453,0.0100674,-0.728503,0.205484,0.00231501,0.260083,0.191667,0.00158988,-0.0590288,0.408007,0.000663033,0.148739,0.361223,0.00205634,-0.0635751,0.230713,-0.0185412,0.0827779,0.629807,-0.00139413,0.00547781,0.672345,-0.00132717,-0.123369,0.247732,0.0469855,0.033374,0.0424341,-0.0052655,0.37983,-0.0279527,-0.0130635,-0.264584,-0.0401576,-0.00957576,0.246661,-0.0416906,0.0572455,0.262,-0.0868114,-0.0568004,0.0043454,-0.0911651,0.105084,0.0271572,-0.0623445,0.01835,-0.245269,-0.0489167,0.0149883,0.25,-0.147711,0.0684623,0.0428494,-0.144463,-0.0228888,0.0472199,-0.065754,-0.00183433,-0.248238,-0.685575,4.51379e-05,-0.119122,-0.749693,-0.00888636,-0.0919339,-0.0358555,0.0302258,0.375782,-0.0383912,-0.0223278,0.354027,-0.255715,0.00825168,-0.728756,-0.208971,0.00241228,0.25936,-0.191575,0.00152885,-0.0591186,-0.431258,0.000347212,0.134834,-0.361135,0.00222034,-0.0634848,-0.291382,-0.0172511,0.0694126,-0.638467,-0.00191074,-0.000448315,-0.532278,0.00121772,-0.100929,-0.257809,0.0462773,0.0313445,-0.0443216,0.00346498,0.378455,0,-0.022769,0.237041,0,0.0659959,0.241164,0,-0.082272,0.00434536,0,0.122173,0.0267652,0.00851706,0.013901,-0.248965,-0.000869787,0.0276262,0.390411,2.3393e-05,-0.000771471,-0.508018,0,0.0630655,0.318335],
    "uvs":[[0.596723,0.579077,0.574951,0.586047,0.576105,0.550311,0.395009,0.436434,0.273439,0.445314,0.26474,0.399485,0.269055,0.304586,0.296281,0.0941842,0.352717,0.0327162,0.729923,0.504129,0.130445,0.395246,0.130721,0.418845,0.0774147,0.426979,0.070753,0.442119,0.071764,0.42089,0.453715,0.562361,0.573063,0.540428,0.687881,0.466685,0.733883,0.447281,0.823363,0.372008,0.842487,0.472655,0.327889,0.245598,0.322584,0.337398,0.363665,0.0767462,0.890373,0.549571,0.942601,0.573335,0.881408,0.560652,0.0718179,0.420861,0.132705,0.418479,0.88136,0.56067,0.729882,0.498888,0.730199,0.539819,0.777022,0.211275,0.760344,0.220919,0.740992,0.286013,0.929805,0.579423,0.929931,0.578275,0.874237,0.590267,0.454027,0.563068,0.687909,0.466699,0.842732,0.472537,0.82363,0.37196,0.742713,0.413827,0.270745,0.299192,0.722797,0.36467,0.226187,0.21442,0.179077,0.316094,0.349163,0.162026,0.296131,0.0943855,0.942719,0.57179,0.144993,0.443289,0.730254,0.591139,0.258746,0.361442,0.415739,0.446803,0.433573,0.592937,0.413003,0.413673,0.105364,0.442665,0.595657,0.450394,0.550441,0.412553,0.804542,0.252905,0.777053,0.211059,0.722899,0.364652,0.758784,0.226367,0.952659,0.589792,0.806361,0.248942]],
    "metadata":{
        "materials":1,
        "vertices":55,
        "type":"Geometry",
        "version":3,
        "normals":55,
        "generator":"io_three",
        "uvs":1,
        "faces":105
    },