{
    "normals":[0.150243,-0.939512,-0.307749,-0.142827,-0.975311,-0.16831,0.741081,-0.643696,-0.190771,0.27427,0.913175,-0.301431,0.00143437,0.998047,-0.0619831,0.418714,0.904508,-0.0804163,0.115238,0.986328,-0.117679,0.611621,0.00756859,0.79107,0.977386,-0.0549028,-0.204077,0.232978,-0.97232,-0.0166021,0.836726,0.185644,0.515152,0.723746,0.667898,0.173376,0.632527,0.546922,0.548387,-0.0141301,0.384045,0.923185,0.655812,-0.358165,0.66451,0.513657,0.0135807,-0.857875,0.485885,0.850093,-0.203009,0.639424,-0.223487,-0.735618,0.0552385,-0.998352,0.0150761,0.520493,-0.0548418,0.852077,0.359722,-0.0594501,0.93115,-0.149419,-0.177496,-0.972686,0.256203,0.0276803,-0.966216,0.433119,-0.86874,0.240089,-0.719687,-0.22602,0.656453,-0.598407,0.585345,0.547044,-0.670309,0.705496,0.230049,-0.431837,-0.865352,0.254219,-0.22953,-0.973113,0.0172735,-0.41615,-0.908628,-0.0341502,-0.192297,-0.935087,-0.297617,0.035371,-0.971191,-0.235572,0.00424207,-0.155583,-0.987793,0.528306,-0.827235,0.191168,-0.567583,-0.777459,0.270791,0.00302133,-0.995422,0.0954924,-0.513657,0.00927763,-0.857936,-0.771538,-0.617481,-0.152989,-0.491775,0.843989,-0.213965,-0.610126,-0.247139,-0.752739,-0.817652,0.130009,0.560778,-0.358531,-0.0633869,0.931333,-0.526048,-0.0514542,0.848872,-0.0323191,-0.999451,0.00128178,0.169042,-0.188513,-0.967406,-0.107486,0.987091,-0.118595,-0.617878,0.0172735,0.786065,0.00595111,0.986419,0.163976,0.0299997,-0.999542,0.00195318,0.350719,0.936277,-0.0178838,-0.00964385,0.983673,-0.179693,0.00274667,-0.0864895,-0.996246,0.000762963,0.971038,0.238807,-0.394024,0.91879,-0.023011,-0.370708,0.926878,-0.0585955],
    "uvs":[[0.596723,0.579077,0.574951,0.586047,0.576105,0.550311,0.395009,0.436434,0.273439,0.445314,0.26474,0.399485,0.269055,0.304586,0.296281,0.0941842,0.352717,0.0327162,0.729923,0.504129,0.130445,0.395246,0.130721,0.418845,0.0774147,0.426979,0.070753,0.442119,0.071764,0.42089,0.453715,0.562361,0.573063,0.540428,0.687881,0.466685,0.733883,0.447281,0.823363,0.372008,0.842487,0.472655,0.327889,0.245598,0.322584,0.337398,0.363665,0.0767462,0.890373,0.549571,0.942601,0.573335,0.881408,0.560652,0.0718179,0.420861,0.132705,0.418479,0.88136,0.56067,0.729882,0.498888,0.730199,0.539819,0.777022,0.211275,0.760344,0.220919,0.740992,0.286013,0.929805,0.579423,0.929931,0.578275,0.874237,0.590267,0.454027,0.563068,0.687909,0.466699,0.842732,0.472537,0.82363,0.37196,0.742713,0.413827,0.270745,0.299192,0.722797,0.36467,0.226187,0.21442,0.179077,0.316094,0.349163,0.162026,0.296131,0.0943855,0.942719,0.57179,0.144993,0.443289,0.730254,0.591139,0.258746,0.361442,0.415739,0.446803,0.433573,0.592937,0.413003,0.413673,0.105364,0.442665,0.595657,0.450394,0.550441,0.412553,0.804542,0.252905,0.777053,0.211059,0.722899,0.364652,0.758784,0.226367,0.952659,0.589792,0.806361,0.248942]],
    "metadata":{
        "normals":55,
        "version":3,
        "uvs":1,
        "generator":"io_three",
        "type":"Geometry",
        "vertices":55,
        "faces":105
    },
    "faces":[40,0,23,9,0,1,2,0,1,2,40,2,50,4,3,4,5,3,4,5,40,21,19,10,6,7,8,6,7,8,40,9,8,0,2,9,0,2,9,0,40,6,4,3,10,5,11,10,5,11,40,11,52,22,12,13,14,12,13,14,40,9,13,5,2,15,16,2,15,16,40,5,15,9,16,17,2,16,17,2,40,18,16,14,18,19,20,18,19,20,40,21,17,15,6,21,22,6,21,17,40,21,20,17,6,23,21,6,22,21,40,6,22,1,24,25,26,10,14,23,40,3,22,6,11,14,10,11,14,10,40,46,35,25,27,12,28,24,25,26,40,24,31,26,29,30,31,27,28,29,40,34,33,44,32,33,34,30,31,32,40,52,35,46,13,12,27,13,25,24,40,12,36,47,35,36,37,33,34,35,40,37,32,28,38,2,16,36,37,38,40,31,39,32,30,39,2,28,39,37,40,39,28,32,39,16,2,39,38,37,40,29,38,24,24,40,29,40,41,27,40,40,42,38,41,42,40,42,43,41,40,41,45,39,21,43,22,44,45,39,40,42,41,39,42,44,39,43,44,39,40,45,40,38,43,45,46,45,42,41,40,44,45,41,47,43,21,32,45,44,40,45,43,40,43,48,45,45,46,42,40,46,29,24,49,24,29,24,40,27,40,46,25,29,27,28,10,24,26,40,40,48,4,50,50,5,4,47,5,4,40,8,47,49,9,37,51,9,35,48,40,7,2,4,52,3,5,49,3,5,40,0,8,49,0,9,51,0,9,48,40,2,51,50,3,53,4,3,50,4,40,53,9,23,54,2,1,51,2,1,40,22,3,11,14,11,12,14,11,12,40,2,5,51,3,55,53,3,16,50,40,11,54,52,12,56,13,12,52,13,40,21,10,20,6,8,23,6,8,22,40,53,5,13,57,55,58,51,16,15,40,14,8,18,20,9,18,20,9,18,40,15,7,21,22,52,6,17,49,6,40,15,8,9,17,9,2,17,9,2,40,14,7,6,46,52,10,20,49,10,40,6,1,14,24,26,20,10,23,20,40,19,18,10,59,18,60,7,18,8,40,18,15,17,18,17,61,18,17,21,40,21,14,16,6,46,45,6,20,19,40,10,17,20,60,61,62,8,21,22,40,25,30,29,28,52,10,26,53,40,40,21,16,19,6,45,7,6,19,7,40,1,12,47,26,35,37,23,33,35,40,48,54,3,50,56,11,47,52,11,40,1,22,12,26,25,35,23,14,33,40,48,27,25,50,5,28,47,54,26,40,26,47,24,31,37,29,29,35,27,40,26,0,49,31,0,51,29,0,48,40,28,27,51,55,5,53,38,54,50,40,51,27,50,53,5,4,50,54,4,40,32,26,31,2,31,30,37,29,28,40,45,34,43,43,8,48,45,30,46,40,53,32,37,54,2,38,51,37,36,40,44,34,45,47,8,43,32,30,45,40,22,36,12,25,36,35,14,34,33,40,46,22,52,49,25,63,24,14,13,40,54,35,52,56,12,13,52,25,13,40,28,53,37,55,57,58,38,51,36,40,31,38,42,30,40,42,28,41,43,40,30,39,45,52,22,43,53,39,45,40,38,30,45,46,52,43,41,53,45,40,31,42,39,30,42,39,28,43,39,40,42,43,34,42,64,32,43,46,30,40,44,42,34,34,42,32,32,43,30,40,47,36,24,37,36,29,35,34,27,40,25,54,48,28,56,50,26,52,47,40,36,46,24,36,49,29,34,24,27,40,6,7,4,10,52,5,10,49,5,40,48,3,4,50,11,5,47,11,5,40,8,1,47,9,26,37,9,23,35,40,7,5,2,52,55,3,49,16,3,40,53,13,9,54,15,2,51,15,2,40,11,3,54,12,11,56,12,11,52,40,53,51,5,57,53,55,51,50,16,40,14,1,8,20,26,9,20,23,9,40,15,5,7,22,55,52,17,16,49,40,15,18,8,17,18,9,17,18,9,40,14,21,7,46,6,52,20,6,49,40,19,16,18,59,19,18,7,19,18,40,10,18,17,60,18,61,8,18,21,40,25,27,30,28,5,52,26,54,53,40,48,50,27,50,4,5,47,4,54,40,26,49,47,31,51,37,29,48,35,40,26,23,0,31,1,0,29,1,0,40,28,30,27,55,52,5,38,53,54,40,32,23,26,2,1,31,37,1,29,40,53,23,32,54,1,2,51,1,37,40,22,46,36,25,49,36,14,24,34,40,54,25,35,56,28,12,52,26,25,40,28,51,53,55,53,57,38,50,51,40,31,24,38,30,29,40,28,27,41,40,30,28,39,52,55,22,53,38,39,40,38,29,30,46,10,52,41,40,53,40,42,40,43,42,41,64,43,42,46,40,44,41,42,34,44,42,32,44,43],
    "vertices":[0.0218538,-0.0316933,-0.219428,0.0401599,-0.00955695,0.246751,0.0201014,0.0477216,-0.145717,0.0426707,0.055773,0.265826,0.0911651,0.105084,0.0271572,0.0623445,0.01835,-0.245269,0.0489167,0.0149883,0.25,0.147711,0.0684623,0.0428494,0.1411,-0.027601,0.0366172,0.065754,-0.00183433,-0.248238,0.750646,-0.00809602,-0.0922631,0.0358555,0.0302258,0.375782,0.0365277,-0.0253272,0.349981,0.255453,0.0100674,-0.728503,0.205484,0.00231501,0.260083,0.191667,0.00158988,-0.0590288,0.408007,0.000663033,0.148739,0.361223,0.00205634,-0.0635751,0.230713,-0.0185412,0.0827779,0.629807,-0.00139413,0.00547781,0.672345,-0.00132717,-0.123369,0.247732,0.0469855,0.033374,0.0424341,-0.0052655,0.37983,-0.0279527,-0.0130635,-0.264584,-0.0401576,-0.00957576,0.246661,-0.0416906,0.0572455,0.262,-0.0868114,-0.0568004,0.0043454,-0.0911651,0.105084,0.0271572,-0.0623445,0.01835,-0.245269,-0.0489167,0.0149883,0.25,-0.147711,0.0684623,0.0428494,-0.144463,-0.0228888,0.0472199,-0.065754,-0.00183433,-0.248238,-0.685575,4.51379e-05,-0.119122,-0.749693,-0.00888636,-0.0919339,-0.0358555,0.0302258,0.375782,-0.0383912,-0.0223278,0.354027,-0.255715,0.00825168,-0.728756,-0.208971,0.00241228,0.25936,-0.191575,0.00152885,-0.0591186,-0.431258,0.000347212,0.134834,-0.361135,0.00222034,-0.0634848,-0.291382,-0.0172511,0.0694126,-0.638467,-0.00191074,-0.000448315,-0.532278,0.00121772,-0.100929,-0.257809,0.0462773,0.0313445,-0.0443216,0.00346498,0.378455,0,-0.022769,0.237041,0,0.0659959,0.241164,0,-0.082272,0.00434536,0,0.122173,0.0267652,0.00851706,0.013901,-0.248965,-0.000869787,0.0276262,0.390411,2.3393e-05,-0.000771471,-0.508018,0,0.0630655,0.318335]
}