{
    "faces":[33,0,1,2,3,0,0,0,0,33,4,7,6,5,1,1,1,1,33,0,4,5,1,2,2,2,2,33,1,5,6,2,3,3,3,3,33,2,6,7,3,4,4,4,4,33,4,0,3,7,5,5,5,5],
    "normals":[-1.11022e-14,-1,7.45058e-08,2.77556e-14,1,-7.45058e-08,1,5.58793e-08,2.79397e-07,-2.79397e-07,-1.86265e-08,1,-1,-1.30385e-07,-2.42144e-07,2.42144e-07,1.30385e-07,-1],
    "uvs":[],
    "metadata":{
        "version":3,
        "normals":6,
        "faces":6,
        "type":"Geometry",
        "uvs":0,
        "generator":"io_three",
        "vertices":8
    },
    "vertices":[0.05,-0.05,-0.05,0.05,-0.05,0.05,-0.05,-0.05,0.05,-0.05,-0.05,-0.05,0.05,0.05,-0.05,0.0499999,0.05,0.05,-0.05,0.05,0.05,-0.05,0.05,-0.05]
}